Question,Answer
What unique qualities and abilities will you bring to this job?,
"When working on a project, which part do you tend to enjoy most?",I enjoy: \n- problem-solving \n- collaboration with the team \n- achieving project milestones \n- seeing the final result.
Tell me about a time when you had to achieve a challenging objective? What steps did you take to achieve your goal?,"During my tenure, we faced a challenge with our hardware provider. The previous provider delivered hardware components separately, requiring additional time for desktop assembly and OS installation, which was inefficient.\n\n
Step 1: Identify the issue with the previous hardware provider.\n
Step 2: Research alternative hardware providers for fully built desktops.\n
Step 3: Evaluate potential providers based on product, reviews, and pricing.\n
Step 4: Pilot program with a small batch of new desktops.\n
Step 5: Analyze cost vs. benefits for the switch.\n
Step 6: Transition by terminating the old provider and implementing the new one."
Tell me one time you had to change 180 degrees in one project,"Vendor Selection: \nWe originally selected a vendor for a hardware procurement project, but after discovering hidden costs and poor customer service, we made a complete turnaround and chose a different vendor that better aligned with our needs."
How do you keep track of your day to day tasks?,"\nI keep track of my day-to-day tasks through a combination of digital tools and routines: \n- I use task management software and calendars to schedule and prioritize tasks. \nIn a desktop support role, I rely on ticketing systems for user requests. \n- Daily checklists, regular communication, and documentation are essential. \n- I maintain flexibility to address urgent issues and conduct end-of-day reviews to plan for the next day."
How do you handle a customer that is not accepting your solution and there is only one solution (yours) for the problem ,"\nIn such situations, I prioritize effective communication and customer satisfaction. I would:\n\n- Listen carefully to the customer's concerns\n- Explain the solution clearly and its benefits\n- Address their objections\n- Show empathy and acknowledge their feelings\n- Explore alternatives if possible\n- Suggest involving a supervisor if necessary\n- Educate and set expectations\n- Document interactions\n- Follow up after implementation\n- Learn from the experience to improve communication."
Can you provide an example of a challenging issue you encountered and how you efficiently resolved it?,"\nNetwork Performance Degradation: \nIn my previous role at Company X, we encountered a critical office network slowdown during peak hours, affecting user productivity due to slow internet access. \n- Initial Investigation: Conducted an initial assessment to identify the cause of network slowdown.\n- Firewall Analysis: Analyzed firewall logs to pinpoint the source of excessive bandwidth usage.\n- User Identification: Identified the specific user responsible for the network issue.\n- Collaborative Resolution: Worked with the user to address the issue and reconfigure the problematic application.\n- Preventive Measure: Implemented a firewall rule limiting individual users' upload bandwidth during office hours.\n- Monitoring and Documentation: Established network monitoring and documented the incident for future reference."
Describe an instance in which you successfully worked as part of a team,
Can you describe your experience in providing IT support for your previous company? What types of hardware and software issues did you commonly address?,
Can you share your approach to adhering to established procedures and proactively devising new ones when necessary? How did this approach improve IT support efficiency and user satisfaction in your previous role?,
"As someone responsible for selecting and configuring hardware and software, can you describe your process for ensuring seamless functionality from day one for office employees?",
"Managing the entire IT lifecycle, from procurement to OS installation and system testing, requires attention to detail. Can you share an example of a project where you oversaw this process and the impact it had on the company's IT infrastructure?",
The trading environment can be high-stress and fast-paced. Can you discuss your experience with server and network infrastructure management in such an environment? How did you collaborate with other technical departments to support critical activities?,
Documentation is crucial in IT support. How did you maintain thorough documentation of all tickets and create comprehensive manuals to expedite issue resolution and improve efficiency?,
"In your previous role, how did you prioritize and manage multiple projects with competing deadlines? Can you share any project management techniques you found effective?",
Can you provide details on a project you managed that significantly enhanced the company's effectiveness and operational efficiency ,